id;list_id;list_name;list_description
1;9367;turn-key dedicated;Wisconsin
2;97889;Cambridgeshire Investor;cross-platform Borders
3;57690;Cambridgeshire white sensor;Alaska
4;76855;Intelligent Frozen Sausages Villages;Human
5;37015;Automotive Tactics architectures;Wisconsin Facilitator Incredible
6;30569;fuchsia eco-centric;Pants Maryland
7;93615;UIC-Franc Arkansas Intelligent;Zambian Kwacha intuitive
8;25416;system-worthy portal;Belize Dollar Sudanese Pound real-time
9;29359;redundant;Synergistic Personal Loan Account Sleek
10;518;Auto Loan Account olive;Yen
